name,date
"digits of primes",221205
"sun and swiss dwellings",221125
"(coming soon)",
"(coming soon)",
"(coming soon)",
"(coming soon)",
"(coming soon)",
"(coming soon)",
"(coming soon)",
"(coming soon)",
"(coming soon)",
"(coming soon)",
"(coming soon)",
"(coming soon)",
"(coming soon)",
"(coming soon)",
"(coming soon)",
"(coming soon)",
"(coming soon)",
"(coming soon)",
"(coming soon)",
"(coming soon)",
"(coming soon)",
"(coming soon)",
"(coming soon)",
"(coming soon)",
"(coming soon)",
"(coming soon)",
"(coming soon)",
"(coming soon)",
"(coming soon)",
"(coming soon)",
"(coming soon)",
"(coming soon)",
"(coming soon)",
"(coming soon)",
"(coming soon)",
"(coming soon)",
"(coming soon)",
"(coming soon)",
"(coming soon)",
"(coming soon)",